Model,Accuracy,Rank
Logistic Regression,0.7840800762631077,1
CatBoost,0.7831267874165873,2
XGBoost,0.7764537654909438,3
HistGradientBoosting,0.773117254528122,4
Random Forest,0.7721639656816015,5
LightGBM,0.7716873212583413,6
Keras NN,0.7469018112488084,7
PyTorch NN,0.2530981887511916,8
